contract	open	high	low	close	change	chgRate	average	volume	turnover
2017-05-12	Au(T+D)	274.44	275.25	273.65	275.08	1.07	0.39%	274.50	77,724.00	21,335,238,000.00
2017-05-11	Au(T+D)	273.96	274.28	273.20	274.00	0.47	0.17%	273.80	71,690.00	19,628,722,000.00
2017-05-10	Au(T+D)	274.29	274.59	272.52	273.55	-1.28	-0.47%	273.58	94,494.00	25,851,668,000.00
2017-05-09	Au(T+D)	275.53	276.09	274.30	274.83	-0.49	-0.18%	275.17	77,060.00	21,204,602,000.00
2017-05-08	Au(T+D)	275.75	276.15	274.50	275.30	-0.34	-0.12%	275.32	101,870.00	28,046,850,000.00
2017-05-05	Au(T+D)	275.66	276.40	273.80	275.65	-0.38	-0.14%	274.98	106,744.00	29,352,466,000.00
2017-05-04	Au(T+D)	279.95	280.18	275.30	276.04	-4.04	-1.44%	277.82	144,242.00	40,073,312,000.00
2017-05-03	Au(T+D)	280.75	280.75	279.86	280.08	-0.75	-0.27%	280.19	56,772.00	15,906,947,000.00
2017-05-02	Au(T+D)	281.35	281.65	280.66	280.84	-2.34	-0.83%	281.10	51,486.00	14,472,715,000.00
2017-04-28	Au(T+D)	282.31	283.20	282.15	283.18	0.67	0.24%	282.62	66,118.00	18,686,268,000.00
2017-04-27	Au(T+D)	282.40	282.99	281.86	282.54	0.38	0.13%	282.46	77,490.00	21,887,824,000.00
2017-04-26	Au(T+D)	282.80	283.18	281.88	282.17	-1.12	-0.40%	282.39	102,290.00	28,885,674,000.00
2017-04-25	Au(T+D)	283.15	283.74	282.43	283.30	-0.16	-0.06%	283.17	104,234.00	29,515,944,000.00
2017-04-24	Au(T+D)	285.75	287.10	283.03	283.48	-1.77	-0.62%	285.06	143,294.00	40,847,388,000.00
2017-04-21	Au(T+D)	285.36	285.75	284.80	285.26	-0.14	-0.05%	285.22	72,558.00	20,694,992,000.00
2017-04-20	Au(T+D)	285.12	286.08	284.55	285.43	-0.26	-0.09%	285.34	83,992.00	23,966,276,000.00
2017-04-19	Au(T+D)	286.00	286.79	284.70	285.70	-0.18	-0.06%	285.78	119,310.00	34,096,412,000.00
2017-04-18	Au(T+D)	286.50	287.04	285.53	285.88	-0.89	-0.31%	286.09	93,550.00	26,763,720,000.00
2017-04-17	Au(T+D)	286.52	288.67	286.30	286.78	0.07	0.02%	287.35	105,856.00	30,417,722,000.00
2017-04-14	Au(T+D)	286.80	286.89	285.90	286.72	0.34	0.12%	286.51	76,328.00	21,868,736,000.00
2017-04-13	Au(T+D)	284.53	287.00	284.15	286.40	1.91	0.67%	285.83	123,146.00	35,198,820,000.00
2017-04-12	Au(T+D)	281.50	285.68	281.50	284.50	3.06	1.09%	283.92	153,950.00	43,709,488,000.00
2017-04-11	Au(T+D)	280.64	281.82	280.04	281.45	0.23	0.08%	281.00	85,020.00	23,890,620,000.00
2017-04-10	Au(T+D)	282.72	284.94	280.33	281.22	-1.40	-0.50%	282.57	149,442.00	42,227,828,000.00
2017-04-07	Au(T+D)	279.88	284.48	279.62	282.60	2.37	0.85%	282.38	160,220.00	45,242,924,000.00
2017-04-06	Au(T+D)	279.94	280.78	278.76	280.24	-0.16	-0.06%	279.91	104,596.00	29,277,466,000.00
2017-04-05	Au(T+D)	280.31	280.72	279.72	280.42	2.78	1.00%	280.16	47,258.00	13,239,801,000.00
2017-03-31	Au(T+D)	279.59	279.66	277.62	277.63	-1.99	-0.71%	278.46	89,902.00	25,034,110,000.00
2017-03-30	Au(T+D)	280.11	280.15	279.25	279.60	-0.03	-0.01%	279.67	59,706.00	16,697,978,000.00
2017-03-29	Au(T+D)	280.90	281.03	279.20	279.63	-0.75	-0.27%	280.06	71,320.00	19,973,880,000.00
2017-03-28	Au(T+D)	280.75	281.30	280.06	280.38	-0.13	-0.05%	280.60	79,608.00	22,338,006,000.00
2017-03-27	Au(T+D)	278.10	280.90	277.68	280.51	2.52	0.91%	279.67	84,894.00	23,742,306,000.00
2017-03-24	Au(T+D)	278.23	279.40	277.38	278.00	-0.26	-0.09%	278.16	83,010.00	23,090,062,000.00
2017-03-23	Au(T+D)	278.15	278.69	277.50	278.26	-0.11	-0.04%	278.12	71,714.00	19,945,098,000.00
2017-03-22	Au(T+D)	276.45	278.75	276.17	278.35	2.52	0.91%	277.69	112,856.00	31,338,982,000.00
2017-03-21	Au(T+D)	276.78	277.25	275.53	275.83	-1.32	-0.48%	276.20	82,292.00	22,729,052,000.00
2017-03-20	Au(T+D)	276.30	277.29	275.70	277.17	1.54	0.56%	276.55	63,186.00	17,474,088,000.00
2017-03-17	Au(T+D)	275.90	276.40	275.35	275.62	-0.02	-0.01%	275.78	72,976.00	20,125,322,000.00
2017-03-16	Au(T+D)	271.30	276.08	270.70	275.64	4.25	1.57%	274.25	134,934.00	37,005,648,000.00
2017-03-15	Au(T+D)	271.83	272.18	270.90	271.39	0.30	0.11%	271.45	73,322.00	19,903,258,000.00
2017-03-14	Au(T+D)	271.63	272.09	271.08	271.09	-1.37	-0.50%	271.67	61,520.00	16,713,139,000.00
2017-03-13	Au(T+D)	270.10	272.60	269.71	272.47	2.34	0.87%	271.31	129,642.00	35,173,172,000.00
2017-03-10	Au(T+D)	271.64	272.94	270.07	270.13	-1.94	-0.71%	271.18	91,784.00	24,889,984,000.00
2017-03-09	Au(T+D)	273.50	273.80	271.54	272.09	-1.44	-0.53%	272.60	90,604.00	24,698,650,000.00
2017-03-08	Au(T+D)	275.00	275.18	273.51	273.54	-1.48	-0.54%	274.13	75,006.00	20,561,396,000.00
2017-03-07	Au(T+D)	275.90	276.50	275.00	275.04	-1.24	-0.45%	275.57	64,066.00	17,654,668,000.00
2017-03-06	Au(T+D)	275.39	277.20	275.32	276.27	0.29	0.11%	276.21	71,844.00	19,844,030,000.00
2017-03-03	Au(T+D)	277.55	277.80	275.55	275.99	-2.13	-0.77%	276.48	106,274.00	29,382,636,000.00
2017-03-02	Au(T+D)	277.56	278.55	276.72	278.12	0.56	0.20%	277.76	75,102.00	20,860,332,000.00
2017-03-01	Au(T+D)	279.37	280.21	277.22	277.57	-1.91	-0.68%	278.25	86,420.00	24,046,364,000.00
2017-02-28	Au(T+D)	279.81	281.47	279.24	279.48	-0.88	-0.31%	279.92	62,924.00	17,613,686,000.00
2017-02-27	Au(T+D)	280.35	280.66	278.90	280.37	0.60	0.21%	280.11	71,538.00	20,038,508,000.00
2017-02-24	Au(T+D)	276.26	279.80	275.81	279.78	3.79	1.37%	278.04	128,748.00	35,797,096,000.00
2017-02-23	Au(T+D)	275.96	276.22	275.00	276.00	0.41	0.15%	275.81	60,936.00	16,806,758,000.00
2017-02-22	Au(T+D)	274.96	276.08	274.20	275.59	0.10	0.04%	275.34	76,802.00	21,146,662,000.00
2017-02-21	Au(T+D)	275.68	275.75	274.95	275.49	0.16	0.06%	275.33	52,276.00	14,393,150,000.00
2017-02-20	Au(T+D)	276.50	276.80	274.70	275.32	-0.62	-0.22%	275.54	63,628.00	17,532,060,000.00
2017-02-17	Au(T+D)	275.55	276.00	275.15	275.94	1.15	0.42%	275.58	48,936.00	13,485,782,000.00
2017-02-16	Au(T+D)	273.49	275.35	272.13	274.75	1.60	0.59%	273.85	92,882.00	25,435,736,000.00
2017-02-15	Au(T+D)	273.95	274.60	272.66	273.16	-0.70	-0.26%	273.47	66,762.00	18,257,404,000.00
2017-02-14	Au(T+D)	274.41	274.41	272.51	273.86	-0.61	-0.22%	273.61	61,304.00	16,773,387,000.00
2017-02-13	Au(T+D)	273.51	275.15	273.20	274.47	1.63	0.60%	274.23	77,382.00	21,220,466,000.00
2017-02-10	Au(T+D)	275.85	276.80	272.72	272.84	-3.45	-1.25%	274.43	90,622.00	24,869,394,000.00
2017-02-09	Au(T+D)	275.50	276.99	275.30	276.30	1.76	0.64%	276.39	77,922.00	21,536,862,000.00
2017-02-08	Au(T+D)	273.63	275.18	273.60	274.54	0.39	0.14%	274.69	75,498.00	20,738,546,000.00
2017-02-07	Au(T+D)	272.25	274.54	272.20	274.16	2.47	0.91%	273.33	99,944.00	27,317,692,000.00
2017-02-06	Au(T+D)	268.70	272.00	268.03	271.70	2.52	0.94%	270.55	85,692.00	23,183,970,000.00
2017-02-03	Au(T+D)	269.10	269.80	268.51	269.18	3.00	1.13%	269.32	25,194.00	6,785,248,500.00
2017-01-26	Au(T+D)	267.82	268.23	265.25	266.17	-1.89	-0.71%	266.39	52,438.00	13,968,960,000.00
2017-01-25	Au(T+D)	269.60	270.00	267.38	268.06	-1.64	-0.61%	268.55	51,458.00	13,819,045,000.00
2017-01-24	Au(T+D)	270.03	270.47	269.56	269.70	-0.48	-0.18%	270.00	36,872.00	9,955,440,000.00
2017-01-23	Au(T+D)	268.15	270.99	268.10	270.19	1.02	0.38%	269.89	71,570.00	19,316,028,000.00
2017-01-20	Au(T+D)	268.24	269.28	267.93	269.16	1.04	0.39%	268.66	57,364.00	15,411,412,000.00
2017-01-19	Au(T+D)	271.01	271.10	267.82	268.11	-2.87	-1.06%	269.14	102,928.00	27,702,044,000.00
2017-01-18	Au(T+D)	272.59	272.59	270.80	270.99	-0.90	-0.33%	271.90	71,134.00	19,341,334,000.00
2017-01-17	Au(T+D)	270.31	272.38	269.95	271.88	1.45	0.54%	271.19	66,164.00	17,943,016,000.00
2017-01-16	Au(T+D)	268.90	270.67	268.05	270.43	1.79	0.67%	269.38	73,898.00	19,906,644,000.00
2017-01-13	Au(T+D)	270.01	270.05	268.30	268.64	-0.70	-0.26%	268.87	73,260.00	19,697,416,000.00
2017-01-12	Au(T+D)	268.90	269.56	266.21	269.38	0.63	0.23%	268.30	133,676.00	35,865,268,000.00
2017-01-11	Au(T+D)	268.28	269.00	267.91	268.73	0.60	0.22%	268.59	67,278.00	18,070,198,000.00
2017-01-10	Au(T+D)	265.90	268.45	265.73	268.14	2.70	1.02%	267.17	94,786.00	25,323,976,000.00
2017-01-09	Au(T+D)	264.91	265.81	264.50	265.41	0.69	0.26%	265.13	73,606.00	19,515,160,000.00
2017-01-06	Au(T+D)	264.37	265.31	264.37	264.72	0.06	0.02%	264.90	64,976.00	17,212,142,000.00
2017-01-05	Au(T+D)	264.75	265.30	263.70	264.66	0.04	0.02%	264.53	77,946.00	20,619,056,000.00
2017-01-04	Au(T+D)	263.30	265.00	263.24	264.62	1.03	0.39%	264.33	64,314.00	17,000,118,000.00
2017-01-03	Au(T+D)	263.20	264.60	262.95	263.60	-0.74	-0.28%	264.09	45,714.00	12,072,610,000.00
2016-12-30	Au(T+D)	262.25	265.80	262.20	264.34	1.81	0.69%	264.17	84,776.00	22,395,278,000.00
2016-12-29	Au(T+D)	261.30	262.62	260.89	262.50	0.78	0.30%	262.05	62,706.00	16,432,107,000.00
2016-12-28	Au(T+D)	261.80	262.39	261.00	261.85	0.68	0.26%	261.75	52,176.00	13,657,068,000.00
2016-12-27	Au(T+D)	260.83	261.40	260.40	261.17	0.34	0.13%	260.99	55,234.00	14,415,521,000.00
2016-12-26	Au(T+D)	259.88	260.90	259.35	260.83	0.95	0.37%	260.10	36,632.00	9,527,983,000.00
2016-12-23	Au(T+D)	259.15	260.50	258.30	259.88	0.43	0.17%	259.42	62,030.00	16,091,823,000.00
2016-12-22	Au(T+D)	260.47	260.90	258.93	259.45	-1.41	-0.54%	259.79	51,218.00	13,305,925,000.00
2016-12-21	Au(T+D)	261.60	261.79	258.24	260.86	-0.97	-0.37%	259.77	113,588.00	29,506,642,000.00
2016-12-20	Au(T+D)	262.45	262.96	261.40	261.83	-0.84	-0.32%	262.32	45,578.00	11,956,021,000.00
2016-12-19	Au(T+D)	262.27	263.04	261.71	262.70	0.93	0.36%	262.56	46,096.00	12,102,966,000.00
2016-12-16	Au(T+D)	261.29	262.78	261.25	261.84	-1.31	-0.50%	262.04	90,810.00	23,795,854,000.00
2016-12-15	Au(T+D)	265.53	266.80	261.50	263.15	-2.34	-0.88%	263.79	105,874.00	27,928,504,000.00
2016-12-14	Au(T+D)	264.38	265.68	264.00	265.42	0.44	0.17%	264.94	58,254.00	15,433,815,000.00
2016-12-13	Au(T+D)	265.55	265.55	263.67	264.96	0.68	0.26%	264.63	43,466.00	11,502,408,000.00
2016-12-12	Au(T+D)	265.12	265.68	263.67	264.30	-1.53	-0.58%	264.57	61,662.00	16,313,916,000.00
2016-12-09	Au(T+D)	266.38	266.95	264.78	265.83	-0.46	-0.17%	265.79	55,692.00	14,802,377,000.00
2016-12-08	Au(T+D)	265.25	267.10	264.61	266.30	1.69	0.64%	265.95	73,960.00	19,669,662,000.00
2016-12-07	Au(T+D)	264.46	264.88	263.95	264.62	0.04	0.02%	264.46	37,038.00	9,795,069,000.00
2016-12-06	Au(T+D)	263.95	265.80	263.57	264.55	-0.44	-0.17%	264.58	86,936.00	23,001,526,000.00
2016-12-05	Au(T+D)	264.55	267.10	263.39	265.00	0.03	0.01%	265.34	139,580.00	37,036,156,000.00
2016-12-02	Au(T+D)	264.50	265.53	263.19	264.93	-0.42	-0.16%	264.54	74,114.00	19,606,118,000.00
2016-12-01	Au(T+D)	267.19	267.40	263.30	265.36	-2.22	-0.83%	265.44	122,556.00	32,531,264,000.00
2016-11-30	Au(T+D)	268.20	268.75	267.08	267.60	-1.05	-0.39%	267.85	63,162.00	16,917,942,000.00
2016-11-29	Au(T+D)	270.20	270.80	268.30	268.65	-1.90	-0.70%	269.76	64,502.00	17,400,060,000.00
2016-11-28	Au(T+D)	269.30	271.56	268.00	270.58	1.62	0.60%	269.94	73,518.00	19,845,450,000.00
2016-11-25	Au(T+D)	270.13	270.48	265.21	268.99	-1.13	-0.42%	267.88	135,614.00	36,328,280,000.00
2016-11-24	Au(T+D)	272.82	272.96	269.75	270.15	-2.65	-0.97%	270.62	110,924.00	30,018,252,000.00
2016-11-23	Au(T+D)	273.10	273.35	271.99	272.80	0.00	0.00%	272.75	53,902.00	14,701,770,000.00
2016-11-22	Au(T+D)	272.46	273.49	271.63	272.83	0.44	0.16%	272.84	55,816.00	15,228,837,000.00
2016-11-21	Au(T+D)	270.99	272.50	270.02	272.39	1.91	0.71%	271.22	60,482.00	16,403,928,000.00
2016-11-18	Au(T+D)	273.70	273.90	269.81	270.48	-2.59	-0.95%	271.45	93,194.00	25,297,512,000.00
2016-11-17	Au(T+D)	272.95	273.99	272.60	273.08	-0.38	-0.14%	273.38	51,306.00	14,026,035,000.00
2016-11-16	Au(T+D)	272.31	274.29	271.68	273.48	0.48	0.18%	273.19	68,218.00	18,636,476,000.00
2016-11-15	Au(T+D)	271.70	273.05	269.63	273.00	1.56	0.57%	271.46	92,240.00	25,039,470,000.00
2016-11-14	Au(T+D)	277.30	278.30	267.43	271.44	-6.63	-2.38%	271.54	208,270.00	56,553,636,000.00
2016-11-11	Au(T+D)	281.81	282.82	275.80	278.09	-4.38	-1.55%	279.27	171,462.00	47,884,192,000.00
2016-11-10	Au(T+D)	285.45	286.46	281.40	282.47	-5.52	-1.92%	283.69	167,770.00	47,594,672,000.00
2016-11-09	Au(T+D)	280.50	289.79	278.87	287.96	7.31	2.60%	284.55	293,944.00	83,641,760,000.00
2016-11-08	Au(T+D)	281.24	281.70	279.60	280.68	-0.71	-0.25%	280.73	61,536.00	17,275,002,000.00
2016-11-07	Au(T+D)	283.28	284.38	281.33	281.40	-1.21	-0.43%	282.82	122,666.00	34,692,400,000.00
2016-11-04	Au(T+D)	281.25	300.39	280.50	282.61	-0.91	-0.32%	282.87	97,340.00	27,534,566,000.00
2016-11-03	Au(T+D)	282.63	284.49	282.41	283.54	1.38	0.49%	283.39	99,576.00	28,218,844,000.00
2016-11-02	Au(T+D)	281.30	282.48	280.63	282.17	2.40	0.86%	281.40	71,174.00	20,028,364,000.00
2016-11-01	Au(T+D)	278.40	279.95	278.30	279.78	0.97	0.35%	279.17	49,412.00	13,794,349,000.00
2016-10-31	Au(T+D)	277.50	280.50	276.50	278.82	1.44	0.52%	278.32	82,830.00	23,053,246,000.00
2016-10-28	Au(T+D)	277.60	278.14	277.15	277.39	-0.08	-0.03%	277.70	51,648.00	14,342,650,000.00
2016-10-27	Au(T+D)	278.00	278.17	276.65	277.47	-1.03	-0.37%	277.35	48,226.00	13,375,481,000.00
2016-10-26	Au(T+D)	277.14	278.75	277.00	278.50	1.55	0.56%	277.97	61,946.00	17,219,130,000.00
2016-10-25	Au(T+D)	275.96	277.80	275.81	276.95	0.57	0.21%	276.76	64,146.00	17,753,048,000.00
2016-10-24	Au(T+D)	276.00	276.42	275.71	276.39	1.05	0.38%	276.02	56,996.00	15,732,035,000.00
2016-10-21	Au(T+D)	276.68	276.96	274.97	275.33	-0.80	-0.29%	275.62	69,202.00	19,073,454,000.00
2016-10-20	Au(T+D)	275.90	276.83	275.86	276.13	1.68	0.61%	276.33	58,394.00	16,136,013,000.00
2016-10-19	Au(T+D)	274.05	274.88	273.60	274.45	-0.04	-0.01%	274.35	49,176.00	13,491,436,000.00
2016-10-18	Au(T+D)	272.80	274.60	272.55	274.50	1.69	0.62%	273.72	49,288.00	13,491,111,000.00
2016-10-17	Au(T+D)	272.40	273.39	271.03	272.80	0.11	0.04%	272.33	57,542.00	15,670,412,000.00
2016-10-14	Au(T+D)	273.42	273.99	272.58	272.69	-0.59	-0.22%	273.15	50,880.00	13,897,872,000.00
2016-10-13	Au(T+D)	272.35	273.87	271.20	273.30	0.71	0.26%	272.74	66,148.00	18,041,204,000.00
2016-10-12	Au(T+D)	272.50	273.20	272.22	272.59	-0.49	-0.18%	272.58	44,446.00	12,115,090,000.00
2016-10-11	Au(T+D)	272.32	273.30	272.32	273.09	0.17	0.06%	272.76	52,838.00	14,412,093,000.00
2016-10-10	Au(T+D)	272.50	273.35	271.77	272.93	-11.86	-4.16%	272.69	55,554.00	15,149,020,000.00
2016-09-30	Au(T+D)	283.92	284.94	283.20	284.80	0.42	0.15%	284.21	48,292.00	13,725,069,000.00
2016-09-29	Au(T+D)	285.02	285.41	283.61	284.40	-0.05	-0.02%	284.55	43,856.00	12,479,224,000.00
2016-09-28	Au(T+D)	286.90	287.10	284.38	284.47	-2.78	-0.97%	285.20	64,190.00	18,306,988,000.00
2016-09-27	Au(T+D)	287.22	288.00	286.49	287.25	0.24	0.08%	287.12	60,256.00	17,300,702,000.00
2016-09-26	Au(T+D)	287.41	287.68	286.33	287.01	0.18	0.06%	287.05	42,368.00	12,161,734,000.00
2016-09-23	Au(T+D)	286.71	288.26	286.50	286.83	0.24	0.08%	287.22	72,682.00	20,875,724,000.00
2016-09-22	Au(T+D)	284.70	286.75	284.01	286.60	2.47	0.87%	285.99	83,612.00	23,912,196,000.00
2016-09-21	Au(T+D)	283.33	284.25	282.47	284.15	0.76	0.27%	283.44	48,560.00	13,763,847,000.00
2016-09-20	Au(T+D)	282.87	283.50	282.77	283.39	-0.10	-0.04%	283.26	35,760.00	10,129,378,000.00
2016-09-19	Au(T+D)	281.70	283.54	281.70	283.45	-1.13	-0.40%	282.85	29,216.00	8,263,746,000.00
2016-09-14	Au(T+D)	285.37	285.80	283.56	284.58	-1.22	-0.43%	284.44	58,278.00	16,576,594,000.00
2016-09-13	Au(T+D)	286.12	286.69	284.69	285.80	-0.38	-0.13%	285.84	61,054.00	17,451,676,000.00
2016-09-12	Au(T+D)	287.33	287.99	285.37	286.18	-1.38	-0.48%	286.43	55,952.00	16,026,331,000.00
2016-09-09	Au(T+D)	288.65	289.25	287.30	287.58	-1.50	-0.52%	288.02	52,014.00	14,981,072,000.00
2016-09-08	Au(T+D)	289.25	289.55	287.50	289.09	-0.20	-0.07%	288.87	47,666.00	13,769,277,000.00
2016-09-07	Au(T+D)	286.66	290.30	286.21	289.28	3.43	1.20%	288.49	92,030.00	26,549,734,000.00
2016-09-06	Au(T+D)	285.47	285.90	285.23	285.87	0.71	0.25%	285.51	32,848.00	9,378,433,000.00
2016-09-05	Au(T+D)	282.63	286.00	281.20	285.16	2.81	1.00%	284.59	111,340.00	31,686,250,000.00
2016-09-02	Au(T+D)	281.53	282.67	280.30	282.33	0.93	0.33%	281.96	74,984.00	21,142,488,000.00
2016-09-01	Au(T+D)	282.80	282.81	281.20	281.40	-1.23	-0.44%	282.03	72,962.00	20,577,472,000.00
2016-08-31	Au(T+D)	284.03	284.27	282.40	282.62	-1.25	-0.44%	283.13	54,838.00	15,526,283,000.00
2016-08-30	Au(T+D)	283.57	284.94	283.41	283.90	0.45	0.16%	284.30	44,074.00	12,530,238,000.00
2016-08-29	Au(T+D)	285.30	287.90	283.00	283.45	-1.16	-0.41%	284.83	99,842.00	28,437,996,000.00
2016-08-26	Au(T+D)	283.88	284.65	282.81	284.61	-0.08	-0.03%	283.81	47,184.00	13,391,291,000.00
2016-08-25	Au(T+D)	286.63	287.00	284.01	284.69	-1.95	-0.68%	284.88	65,900.00	18,773,592,000.00
2016-08-24	Au(T+D)	286.96	287.56	286.52	286.65	-0.24	-0.08%	286.88	38,956.00	11,175,697,000.00
2016-08-23	Au(T+D)	286.48	287.36	286.08	286.88	0.67	0.23%	286.62	36,756.00	10,535,005,000.00
2016-08-22	Au(T+D)	287.70	288.55	285.85	286.26	-2.06	-0.71%	286.85	72,822.00	20,888,992,000.00
2016-08-19	Au(T+D)	288.45	288.95	287.23	288.49	0.06	0.02%	288.11	45,602.00	13,138,392,000.00
2016-08-18	Au(T+D)	286.92	289.18	285.57	288.40	1.72	0.60%	288.23	54,092.00	15,590,938,000.00
2016-08-17	Au(T+D)	288.84	289.30	286.40	286.68	-1.30	-0.45%	287.31	62,694.00	18,012,612,000.00
2016-08-16	Au(T+D)	286.90	288.40	285.88	287.98	0.87	0.30%	287.23	42,580.00	12,230,254,000.00
2016-08-15	Au(T+D)	286.98	289.65	285.02	287.11	0.42	0.15%	287.53	64,334.00	18,497,954,000.00
2016-08-12	Au(T+D)	287.60	289.20	286.00	286.69	-0.86	-0.30%	287.38	54,032.00	15,527,716,000.00
2016-08-11	Au(T+D)	289.20	289.90	286.80	287.56	-1.73	-0.60%	287.92	57,620.00	16,589,951,000.00
2016-08-10	Au(T+D)	285.65	290.05	285.43	289.30	3.66	1.28%	288.03	58,740.00	16,918,882,000.00
2016-08-09	Au(T+D)	286.00	286.80	285.50	285.65	-0.34	-0.12%	286.03	36,960.00	10,571,669,000.00
2016-08-08	Au(T+D)	291.20	291.52	285.56	286.00	-5.81	-1.99%	287.46	98,958.00	28,446,466,000.00
2016-08-05	Au(T+D)	290.10	291.98	290.10	291.83	3.23	1.12%	291.11	58,136.00	16,923,970,000.00
2016-08-04	Au(T+D)	291.25	291.80	288.10	288.60	-2.47	-0.85%	289.58	62,028.00	17,962,068,000.00
2016-08-03	Au(T+D)	290.43	291.45	290.15	291.08	0.84	0.29%	290.93	42,702.00	12,423,293,000.00
2016-08-02	Au(T+D)	288.05	290.40	287.92	290.24	2.15	0.75%	288.87	55,226.00	15,953,134,000.00
2016-08-01	Au(T+D)	285.81	288.79	285.75	288.01	2.27	0.79%	287.82	75,808.00	21,819,060,000.00
2016-07-29	Au(T+D)	287.90	288.35	285.55	285.75	-1.87	-0.65%	286.66	58,226.00	16,691,065,000.00
2016-07-28	Au(T+D)	283.65	287.99	283.28	287.65	4.25	1.50%	286.27	71,824.00	20,561,056,000.00
2016-07-27	Au(T+D)	283.61	284.15	282.75	283.38	-0.35	-0.12%	283.31	35,076.00	9,937,381,000.00
2016-07-26	Au(T+D)	282.72	284.60	282.20	283.73	0.60	0.21%	283.36	44,086.00	12,492,208,000.00
2016-07-25	Au(T+D)	284.31	284.70	282.55	283.15	-1.50	-0.53%	283.54	40,284.00	11,422,126,000.00
2016-07-22	Au(T+D)	283.10	286.20	282.61	284.65	1.59	0.56%	284.46	72,264.00	20,556,216,000.00
2016-07-21	Au(T+D)	284.05	284.18	282.00	283.09	-2.62	-0.92%	282.85	69,916.00	19,775,742,000.00
2016-07-20	Au(T+D)	287.44	287.70	285.31	285.71	-1.08	-0.38%	286.79	64,330.00	18,449,202,000.00
2016-07-19	Au(T+D)	286.01	288.29	285.90	286.80	0.63	0.22%	286.89	46,596.00	13,367,927,000.00
2016-07-18	Au(T+D)	286.98	287.64	285.13	286.15	-0.55	-0.19%	286.32	69,192.00	19,811,054,000.00
2016-07-15	Au(T+D)	285.60	287.20	284.35	286.70	-0.51	-0.18%	285.94	66,172.00	18,921,222,000.00
2016-07-14	Au(T+D)	288.95	289.90	286.74	287.20	-1.70	-0.59%	288.44	60,606.00	17,481,194,000.00
2016-07-13	Au(T+D)	290.50	290.60	286.00	288.91	-3.18	-1.09%	288.04	100,294.00	28,888,684,000.00
2016-07-12	Au(T+D)	292.60	293.10	291.17	292.10	-0.90	-0.31%	292.01	47,674.00	13,921,285,000.00
2016-07-11	Au(T+D)	291.50	295.15	286.89	293.10	1.91	0.66%	291.99	164,302.00	47,974,540,000.00
2016-07-08	Au(T+D)	293.68	293.86	290.08	291.13	-2.78	-0.95%	291.65	95,666.00	27,900,988,000.00
2016-07-07	Au(T+D)	295.49	296.00	293.34	293.91	0.03	0.01%	294.47	54,830.00	16,145,790,000.00
2016-07-06	Au(T+D)	289.38	295.50	288.00	293.90	5.45	1.89%	292.50	109,656.00	32,074,380,000.00
2016-07-05	Au(T+D)	290.00	290.50	286.60	288.45	-0.79	-0.27%	288.80	68,100.00	19,667,280,000.00
2016-07-04	Au(T+D)	285.80	291.60	285.56	289.24	3.37	1.18%	288.83	153,986.00	44,475,776,000.00
2016-07-02	Au(T+D)	285.80	287.48	285.56	286.71	0.84	0.29%	286.57	36,748.00	10,530,875,000.00
2016-07-01	Au(T+D)	282.00	286.48	281.54	285.87	4.15	1.47%	284.23	109,722.00	31,186,286,000.00
2016-06-30	Au(T+D)	282.19	283.62	281.10	281.72	-1.09	-0.39%	282.04	69,688.00	19,654,804,000.00
2016-06-29	Au(T+D)	280.80	283.16	280.55	282.83	1.40	0.50%	281.98	77,466.00	21,843,864,000.00
2016-06-28	Au(T+D)	283.99	284.30	281.36	281.43	-1.14	-0.40%	282.60	82,588.00	23,339,370,000.00
2016-06-27	Au(T+D)	281.60	283.35	278.66	282.60	2.00	0.71%	281.73	124,462.00	35,064,680,000.00
2016-06-24	Au(T+D)	267.79	283.97	266.80	280.60	11.94	4.44%	275.28	286,072.00	78,749,896,000.00
2016-06-23	Au(T+D)	268.65	269.26	267.50	268.67	0.50	0.19%	268.19	66,546.00	17,846,972,000.00
2016-06-22	Au(T+D)	269.50	270.11	267.26	268.19	-3.31	-1.22%	268.84	85,666.00	23,030,448,000.00
2016-06-21	Au(T+D)	271.24	273.20	271.06	271.52	-0.50	-0.18%	272.03	58,720.00	15,973,602,000.00
2016-06-20	Au(T+D)	273.17	274.65	271.14	272.00	-0.21	-0.08%	272.80	100,818.00	27,503,150,000.00
2016-06-17	Au(T+D)	276.62	278.80	270.39	272.20	-5.11	-1.84%	274.28	139,044.00	38,136,988,000.00
2016-06-16	Au(T+D)	271.60	278.00	271.05	277.30	4.62	1.69%	274.82	133,460.00	36,677,480,000.00
2016-06-15	Au(T+D)	272.10	273.49	271.80	272.68	1.34	0.49%	272.65	69,702.00	19,004,250,000.00
2016-06-14	Au(T+D)	272.50	273.00	270.80	271.34	-0.28	-0.10%	271.74	62,456.00	16,971,792,000.00
2016-06-13	Au(T+D)	270.10	272.32	269.70	271.68	6.59	2.49%	270.84	78,430.00	21,241,980,000.00
2016-06-08	Au(T+D)	262.30	265.11	261.57	265.10	2.13	0.81%	263.49	60,728.00	16,001,220,000.00
2016-06-07	Au(T+D)	262.75	264.48	262.20	262.97	0.67	0.26%	263.09	45,378.00	11,938,498,000.00
2016-06-06	Au(T+D)	257.00	262.88	257.00	262.34	5.04	1.96%	261.51	123,406.00	32,271,904,000.00
2016-06-03	Au(T+D)	257.90	257.92	256.60	257.30	-0.35	-0.14%	257.04	54,268.00	13,949,047,000.00
2016-06-02	Au(T+D)	258.53	258.67	256.07	257.76	-0.37	-0.14%	257.35	62,624.00	16,116,287,000.00
2016-06-01	Au(T+D)	256.96	258.84	256.35	258.10	1.11	0.43%	257.85	61,082.00	15,749,994,000.00
2016-05-31	Au(T+D)	256.22	257.78	255.43	256.96	1.87	0.73%	256.81	57,204.00	14,690,559,000.00
2016-05-30	Au(T+D)	257.70	258.29	254.10	255.10	-2.85	-1.10%	255.66	89,598.00	22,906,626,000.00
2016-05-27	Au(T+D)	259.50	260.10	256.10	257.93	-1.70	-0.65%	257.99	99,814.00	25,751,012,000.00
2016-05-26	Au(T+D)	258.28	260.45	257.07	259.60	1.36	0.53%	258.88	71,320.00	18,463,322,000.00
2016-05-25	Au(T+D)	262.00	262.07	258.08	258.30	-3.82	-1.46%	260.05	89,586.00	23,296,838,000.00
2016-05-24	Au(T+D)	263.35	263.80	262.06	262.13	-1.59	-0.60%	262.89	62,428.00	16,411,698,000.00
2016-05-23	Au(T+D)	264.45	265.48	263.03	263.73	-0.50	-0.19%	264.12	68,326.00	18,046,262,000.00
2016-05-20	Au(T+D)	264.00	264.65	262.30	264.25	0.18	0.07%	263.55	78,150.00	20,596,432,000.00
2016-05-19	Au(T+D)	268.40	268.65	263.75	264.07	-3.63	-1.36%	265.91	113,954.00	30,301,508,000.00
2016-05-18	Au(T+D)	267.55	269.00	266.60	267.70	0.18	0.07%	268.14	74,900.00	20,083,688,000.00
2016-05-17	Au(T+D)	269.28	270.49	267.10	267.50	-1.71	-0.64%	268.50	81,630.00	21,917,656,000.00
2016-05-16	Au(T+D)	267.75	269.80	265.88	269.22	1.93	0.72%	267.79	100,108.00	26,807,922,000.00
2016-05-13	Au(T+D)	265.31	268.42	265.01	267.29	1.00	0.38%	266.73	91,678.00	24,453,274,000.00
2016-05-12	Au(T+D)	267.52	267.80	265.80	266.30	-0.40	-0.15%	266.85	64,288.00	17,155,254,000.00
2016-05-11	Au(T+D)	265.53	267.19	263.60	266.70	0.72	0.27%	265.74	66,842.00	17,762,592,000.00
2016-05-10	Au(T+D)	266.80	267.39	264.70	265.97	-1.93	-0.72%	265.72	73,710.00	19,586,222,000.00
2016-05-09	Au(T+D)	268.00	270.70	267.51	267.90	-0.17	-0.06%	269.14	131,470.00	35,383,836,000.00
2016-05-06	Au(T+D)	268.20	269.20	265.76	268.07	0.35	0.13%	267.75	76,030.00	20,357,032,000.00
2016-05-05	Au(T+D)	267.69	269.90	266.77	267.68	-0.50	-0.19%	268.40	69,488.00	18,650,578,000.00
2016-05-04	Au(T+D)	269.79	270.96	267.51	268.19	-2.18	-0.81%	268.71	77,106.00	20,719,152,000.00
2016-05-03	Au(T+D)	268.99	270.80	268.53	270.37	4.33	1.63%	269.77	70,746.00	19,085,148,000.00
2016-04-29	Au(T+D)	262.01	266.95	261.10	266.05	4.30	1.64%	264.13	112,364.00	29,678,704,000.00
2016-04-28	Au(T+D)	260.79	262.10	259.00	261.75	1.17	0.45%	260.75	92,198.00	24,040,628,000.00
2016-04-27	Au(T+D)	257.50	260.80	256.02	260.58	2.37	0.92%	259.68	62,544.00	16,241,425,000.00
2016-04-26	Au(T+D)	258.39	259.45	257.80	258.20	-0.27	-0.10%	258.68	43,406.00	11,228,264,000.00
2016-04-25	Au(T+D)	260.40	260.70	256.73	258.45	-1.80	-0.69%	258.76	68,850.00	17,815,626,000.00
2016-04-22	Au(T+D)	262.99	264.96	259.50	260.25	-2.40	-0.91%	261.89	94,676.00	24,794,700,000.00
2016-04-21	Au(T+D)	259.96	263.00	259.60	262.65	2.80	1.08%	261.33	87,188.00	22,784,754,000.00
2016-04-20	Au(T+D)	259.35	261.76	258.50	259.85	0.44	0.17%	260.42	73,764.00	19,209,622,000.00
2016-04-19	Au(T+D)	258.00	259.60	256.11	259.41	1.74	0.68%	257.75	73,958.00	19,062,674,000.00
2016-04-18	Au(T+D)	256.69	258.20	255.93	257.70	0.84	0.33%	257.22	50,980.00	13,113,076,000.00
2016-04-15	Au(T+D)	258.15	258.70	255.93	256.89	-0.55	-0.21%	256.95	72,188.00	18,548,708,000.00
2016-04-14	Au(T+D)	258.82	260.44	256.70	257.44	-2.37	-0.91%	258.39	67,734.00	17,501,790,000.00
2016-04-13	Au(T+D)	262.29	262.30	259.63	259.83	-1.56	-0.60%	260.83	61,294.00	15,987,253,000.00
2016-04-12	Au(T+D)	259.77	261.64	259.71	261.40	0.65	0.25%	260.78	59,638.00	15,552,338,000.00
2016-04-11	Au(T+D)	257.28	260.84	256.90	260.76	3.63	1.41%	259.15	67,124.00	17,395,116,000.00
2016-04-08	Au(T+D)	256.70	258.68	256.65	257.13	1.53	0.60%	257.57	76,330.00	19,660,318,000.00
2016-04-07	Au(T+D)	255.00	256.40	254.62	255.59	-0.21	-0.08%	255.47	61,028.00	15,590,823,000.00
2016-04-06	Au(T+D)	256.35	257.26	255.55	255.80	0.55	0.22%	256.34	48,220.00	12,360,666,000.00
2016-04-05	Au(T+D)	254.54	255.75	254.00	255.25	-1.74	-0.68%	255.21	42,808.00	10,925,030,000.00
2016-04-01	Au(T+D)	256.87	257.01	255.80	256.99	0.89	0.35%	256.43	57,236.00	14,677,027,000.00
2016-03-31	Au(T+D)	257.90	257.90	255.07	256.10	-2.43	-0.94%	256.32	68,620.00	17,588,678,000.00
2016-03-30	Au(T+D)	255.23	259.36	255.03	258.53	3.84	1.51%	257.61	80,906.00	20,842,194,000.00
2016-03-29	Au(T+D)	255.35	256.00	254.60	254.70	-0.50	-0.20%	255.39	46,782.00	11,947,655,000.00
2016-03-28	Au(T+D)	255.70	256.19	253.60	255.23	-0.59	-0.23%	254.53	40,560.00	10,323,737,000.00
2016-03-25	Au(T+D)	255.45	256.60	255.32	255.83	0.95	0.37%	255.90	39,490.00	10,105,491,000.00
2016-03-24	Au(T+D)	257.71	257.71	254.30	254.88	-3.15	-1.22%	255.56	100,506.00	25,685,314,000.00
2016-03-23	Au(T+D)	261.01	262.45	257.84	258.02	-3.88	-1.48%	259.98	85,536.00	22,237,650,000.00
2016-03-22	Au(T+D)	259.88	261.96	259.01	261.94	2.54	0.98%	260.15	55,944.00	14,553,775,000.00
2016-03-21	Au(T+D)	260.70	262.00	258.88	259.42	-3.18	-1.21%	260.45	67,830.00	17,666,324,000.00
2016-03-18	Au(T+D)	264.20	264.97	262.40	262.60	-0.95	-0.36%	263.31	70,712.00	18,619,176,000.00
2016-03-17	Au(T+D)	258.50	263.88	257.40	263.55	4.62	1.78%	261.23	108,954.00	28,462,054,000.00
2016-03-16	Au(T+D)	258.12	259.20	257.06	258.94	1.64	0.64%	258.21	67,290.00	17,374,884,000.00
2016-03-15	Au(T+D)	262.05	263.09	256.60	257.30	-4.76	-1.82%	258.89	101,680.00	26,323,936,000.00
2016-03-14	Au(T+D)	264.70	265.30	261.68	262.00	-3.10	-1.17%	263.10	74,316.00	19,552,540,000.00
2016-03-11	Au(T+D)	262.01	267.89	259.40	265.10	3.82	1.46%	264.37	147,398.00	38,967,608,000.00
2016-03-10	Au(T+D)	262.11	263.58	260.45	261.29	-2.38	-0.90%	261.96	100,024.00	26,202,188,000.00
2016-03-09	Au(T+D)	267.08	267.08	262.19	263.70	-2.34	-0.88%	264.39	88,204.00	23,320,256,000.00
2016-03-08	Au(T+D)	266.50	266.65	264.00	266.05	1.25	0.47%	265.81	92,436.00	24,570,412,000.00
2016-03-07	Au(T+D)	265.68	267.80	262.70	264.81	0.21	0.08%	265.09	173,936.00	46,108,692,000.00
2016-03-04	Au(T+D)	261.61	264.79	260.60	264.60	3.51	1.34%	263.21	94,788.00	24,949,148,000.00
2016-03-03	Au(T+D)	259.44	261.36	258.57	261.05	2.32	0.90%	260.34	76,114.00	19,815,442,000.00
2016-03-02	Au(T+D)	262.45	262.86	258.08	258.70	-2.50	-0.96%	259.88	99,146.00	25,766,062,000.00
2016-03-01	Au(T+D)	259.00	262.60	258.28	261.20	2.39	0.92%	260.94	91,594.00	23,900,538,000.00
2016-02-29	Au(T+D)	260.25	260.68	255.20	258.81	-1.61	-0.62%	258.26	109,382.00	28,248,996,000.00
2016-02-26	Au(T+D)	259.70	261.00	257.81	260.42	0.11	0.04%	259.76	94,878.00	24,645,510,000.00
2016-02-25	Au(T+D)	259.10	263.23	258.00	260.31	3.71	1.45%	260.21	140,934.00	36,672,296,000.00
2016-02-24	Au(T+D)	255.59	257.85	254.92	256.60	0.78	0.30%	256.74	72,256.00	18,551,004,000.00
2016-02-23	Au(T+D)	252.49	256.20	252.38	255.83	1.23	0.48%	254.44	81,728.00	20,794,872,000.00
2016-02-22	Au(T+D)	257.41	258.80	254.60	254.60	-2.00	-0.78%	256.65	83,800.00	21,507,186,000.00
2016-02-19	Au(T+D)	252.69	257.70	252.69	256.64	3.57	1.41%	255.72	84,160.00	21,521,396,000.00
2016-02-18	Au(T+D)	252.38	254.06	252.35	253.07	-0.63	-0.25%	253.29	55,550.00	14,070,259,000.00
2016-02-17	Au(T+D)	254.56	254.56	251.00	253.70	2.51	1.00%	253.07	79,506.00	20,120,584,000.00
2016-02-16	Au(T+D)	252.81	253.62	250.00	251.20	-2.22	-0.88%	251.57	67,936.00	17,090,660,000.00
2016-02-15	Au(T+D)	259.50	259.50	253.10	253.42	9.51	3.90%	255.37	85,194.00	21,755,992,000.00
2016-02-05	Au(T+D)	242.18	243.98	242.01	243.95	2.15	0.89%	243.46	55,550.00	13,524,203,000.00
2016-02-04	Au(T+D)	239.50	241.88	238.75	241.80	2.80	1.17%	240.55	74,366.00	17,888,742,000.00
2016-02-03	Au(T+D)	238.10	239.57	238.10	239.00	0.65	0.27%	239.03	45,416.00	10,855,786,000.00
2016-02-02	Au(T+D)	237.85	239.15	237.50	238.36	0.46	0.19%	238.45	49,232.00	11,739,370,000.00
2016-02-01	Au(T+D)	235.53	238.00	235.30	237.90	1.70	0.72%	236.76	51,286.00	12,142,473,000.00
2016-01-29	Au(T+D)	237.32	237.56	235.69	236.20	-0.65	-0.27%	236.37	61,952.00	14,643,594,000.00
2016-01-28	Au(T+D)	236.85	237.87	236.50	236.85	-0.26	-0.11%	237.02	65,776.00	15,590,228,000.00
2016-01-27	Au(T+D)	235.89	237.78	235.61	237.11	0.47	0.20%	236.89	77,974.00	18,471,260,000.00
2016-01-26	Au(T+D)	234.48	236.66	233.82	236.64	3.02	1.29%	235.28	76,052.00	17,893,514,000.00
2016-01-25	Au(T+D)	233.00	233.75	232.30	233.61	1.11	0.48%	233.17	43,226.00	10,079,006,000.00
2016-01-22	Au(T+D)	233.38	233.80	232.11	232.51	-1.49	-0.64%	232.89	58,700.00	13,670,643,000.00
2016-01-21	Au(T+D)	232.15	234.85	232.15	234.00	1.99	0.86%	233.51	67,494.00	15,760,524,000.00
2016-01-20	Au(T+D)	230.20	232.09	230.05	232.01	0.81	0.35%	231.14	43,216.00	9,988,946,000.00
2016-01-19	Au(T+D)	231.12	231.59	230.33	231.20	-0.21	-0.09%	231.01	32,442.00	7,494,426,000.00
2016-01-18	Au(T+D)	230.20	232.30	230.00	231.40	1.05	0.46%	231.32	61,070.00	14,126,713,000.00
2016-01-15	Au(T+D)	231.90	232.36	228.88	230.35	-1.12	-0.48%	230.03	83,546.00	19,218,086,000.00
2016-01-14	Au(T+D)	229.30	232.39	228.63	231.46	2.24	0.98%	230.82	78,668.00	18,158,148,000.00
2016-01-13	Au(T+D)	231.31	231.70	229.15	229.20	-3.15	-1.36%	230.29	64,588.00	14,873,970,000.00
2016-01-12	Au(T+D)	234.15	234.40	231.45	232.35	-2.40	-1.02%	232.56	70,174.00	16,319,665,000.00
2016-01-11	Au(T+D)	233.21	235.00	232.28	234.76	1.39	0.60%	234.02	92,984.00	21,760,116,000.00
2016-01-08	Au(T+D)	233.50	235.26	233.18	233.36	0.26	0.11%	234.26	90,746.00	21,258,158,000.00
2016-01-07	Au(T+D)	229.20	234.54	229.00	233.10	4.96	2.17%	231.84	126,790.00	29,394,994,000.00
2016-01-06	Au(T+D)	227.00	228.55	225.93	228.11	1.55	0.68%	227.27	75,708.00	17,206,158,000.00
2016-01-05	Au(T+D)	225.22	227.23	225.17	226.57	1.95	0.87%	226.25	68,602.00	15,521,202,000.00
2016-01-04	Au(T+D)	223.78	224.96	223.20	224.65	1.66	0.74%	224.02	37,958.00	8,503,351,000.00
2015-12-31	Au(T+D)	224.02	224.20	222.40	223.00	-1.30	-0.58%	223.00	57,674.00	12,861,302,000.00
2015-12-30	Au(T+D)	224.30	225.16	224.12	224.30	-0.44	-0.20%	224.46	35,064.00	7,870,465,500.00
2015-12-29	Au(T+D)	224.39	224.98	223.86	224.75	0.22	0.10%	224.46	61,166.00	13,729,321,000.00
2015-12-28	Au(T+D)	225.00	225.23	223.90	224.55	-0.35	-0.16%	224.40	29,418.00	6,601,399,000.00
2015-12-25	Au(T+D)	224.48	225.18	224.25	224.89	0.29	0.13%	224.86	12,934.00	2,908,339,250.00
2015-12-24	Au(T+D)	224.50	224.78	223.70	224.64	0.25	0.11%	224.20	19,920.00	4,466,064,000.00
2015-12-23	Au(T+D)	224.99	225.70	224.00	224.39	-0.59	-0.26%	224.79	34,554.00	7,767,393,500.00
2015-12-22	Au(T+D)	224.20	225.46	223.15	225.00	1.36	0.61%	224.67	68,796.00	15,456,397,000.00
2015-12-21	Au(T+D)	221.28	224.08	220.98	223.66	2.35	1.06%	222.86	55,748.00	12,423,999,000.00
2015-12-18	Au(T+D)	222.96	223.17	220.20	221.35	-1.77	-0.79%	221.35	77,966.00	17,257,774,000.00
2015-12-17	Au(T+D)	222.00	224.20	222.00	223.16	0.98	0.44%	223.16	62,384.00	13,921,614,000.00
2015-12-16	Au(T+D)	222.20	222.69	221.33	222.18	0.38	0.17%	222.01	28,546.00	6,337,497,500.00
2015-12-15	Au(T+D)	223.45	224.50	221.58	221.84	-1.86	-0.83%	222.86	54,512.00	12,148,544,000.00
2015-12-14	Au(T+D)	221.81	225.20	221.54	223.70	0.74	0.33%	223.61	70,292.00	15,717,994,000.00
2015-12-11	Au(T+D)	223.10	223.27	221.50	222.97	0.09	0.04%	222.30	39,730.00	8,831,979,000.00
2015-12-10	Au(T+D)	223.69	225.50	222.54	222.92	-0.28	-0.13%	223.64	57,894.00	12,947,414,000.00
2015-12-09	Au(T+D)	222.10	223.60	221.28	223.22	0.99	0.45%	222.71	40,960.00	9,122,202,000.00
2015-12-08	Au(T+D)	223.68	224.28	221.19	222.24	-2.24	-1.00%	222.49	63,124.00	14,044,459,000.00
2015-12-07	Au(T+D)	219.47	224.70	218.90	224.48	5.58	2.55%	222.48	122,120.00	27,169,258,000.00
2015-12-04	Au(T+D)	216.95	219.79	216.80	218.91	1.41	0.65%	218.67	85,232.00	18,637,682,000.00
2015-12-03	Au(T+D)	220.20	220.40	216.36	217.50	-2.83	-1.28%	217.84	84,438.00	18,393,974,000.00
2015-12-02	Au(T+D)	220.75	221.60	220.01	220.33	-1.19	-0.54%	220.69	40,182.00	8,867,766,000.00
2015-12-01	Au(T+D)	217.71	221.99	217.52	221.50	3.79	1.74%	220.14	74,220.00	16,338,791,000.00
2015-11-30	Au(T+D)	220.06	220.44	217.20	217.71	-2.92	-1.32%	218.13	87,278.00	19,037,950,000.00
2015-11-27	Au(T+D)	221.60	221.60	220.12	220.63	-0.68	-0.31%	220.77	38,930.00	8,594,576,000.00
2015-11-26	Au(T+D)	221.40	221.80	220.50	221.34	-1.24	-0.56%	221.15	49,512.00	10,949,578,000.00
2015-11-25	Au(T+D)	221.68	222.92	221.32	222.57	1.25	0.56%	222.38	64,714.00	14,391,100,000.00
2015-11-24	Au(T+D)	220.95	221.55	219.92	221.32	0.46	0.21%	220.78	50,110.00	11,063,286,000.00
2015-11-23	Au(T+D)	223.20	223.98	220.24	220.88	-2.19	-0.98%	221.52	73,776.00	16,342,860,000.00
2015-11-20	Au(T+D)	221.05	223.50	220.20	223.08	1.70	0.77%	222.36	58,414.00	12,988,937,000.00
2015-11-19	Au(T+D)	220.59	222.00	220.00	221.39	0.74	0.34%	221.35	47,588.00	10,533,604,000.00
2015-11-18	Au(T+D)	221.78	222.90	219.32	220.65	-1.27	-0.57%	220.69	67,244.00	14,840,079,000.00
2015-11-17	Au(T+D)	224.72	225.20	221.60	221.96	-3.52	-1.56%	222.97	68,994.00	15,383,592,000.00
2015-11-16	Au(T+D)	223.46	225.93	222.51	225.49	2.34	1.05%	224.46	76,266.00	17,118,666,000.00
2015-11-13	Au(T+D)	223.48	223.91	221.02	223.16	-0.18	-0.08%	222.51	65,436.00	14,560,164,000.00
2015-11-12	Au(T+D)	223.61	223.92	223.08	223.30	-0.94	-0.42%	223.60	32,580.00	7,284,888,000.00
2015-11-11	Au(T+D)	224.01	224.60	222.90	224.25	0.26	0.12%	224.05	45,814.00	10,264,627,000.00
2015-11-10	Au(T+D)	224.48	224.77	223.43	223.95	-0.12	-0.05%	224.09	40,438.00	9,061,751,000.00
2015-11-09	Au(T+D)	227.21	227.60	222.91	224.06	-3.31	-1.46%	224.21	77,660.00	17,412,150,000.00
2015-11-06	Au(T+D)	227.05	227.63	226.60	227.37	0.46	0.20%	227.11	45,962.00	10,438,430,000.00
2015-11-05	Au(T+D)	228.09	229.20	226.75	226.91	-1.74	-0.76%	227.58	64,208.00	14,612,457,000.00
2015-11-04	Au(T+D)	231.13	231.70	228.05	228.63	-3.50	-1.51%	229.64	61,586.00	14,142,609,000.00
2015-11-03	Au(T+D)	232.20	232.72	231.66	232.15	-0.96	-0.41%	232.09	31,008.00	7,196,646,500.00
2015-11-02	Au(T+D)	233.61	233.98	231.70	233.14	-0.70	-0.30%	232.68	49,190.00	11,445,529,000.00
2015-10-30	Au(T+D)	236.95	236.95	233.70	233.86	-3.24	-1.37%	235.14	62,754.00	14,755,976,000.00
2015-10-29	Au(T+D)	240.00	241.99	237.07	237.10	-2.59	-1.08%	239.02	77,242.00	18,462,384,000.00
2015-10-28	Au(T+D)	238.50	240.00	237.80	239.69	1.33	0.56%	239.05	40,402.00	9,658,098,000.00
2015-10-27	Au(T+D)	238.50	239.04	237.99	238.35	0.30	0.13%	238.41	30,532.00	7,279,134,000.00
2015-10-26	Au(T+D)	241.00	241.50	237.50	238.05	-2.17	-0.90%	238.90	45,998.00	10,988,922,000.00
2015-10-23	Au(T+D)	238.41	240.30	238.10	240.22	1.43	0.60%	239.17	52,148.00	12,472,237,000.00
2015-10-22	Au(T+D)	240.11	240.48	237.90	238.71	-1.16	-0.48%	238.61	52,400.00	12,503,164,000.00
2015-10-21	Au(T+D)	240.10	241.00	239.40	239.84	0.05	0.02%	240.21	42,254.00	10,149,834,000.00
2015-10-20	Au(T+D)	239.36	240.65	238.62	239.80	0.55	0.23%	239.35	42,346.00	10,135,515,000.00
2015-10-19	Au(T+D)	240.80	241.60	239.21	239.28	-0.98	-0.41%	240.30	34,222.00	8,223,546,500.00
2015-10-16	Au(T+D)	241.54	242.47	239.13	240.28	-1.08	-0.45%	240.86	60,732.00	14,627,910,000.00
2015-10-15	Au(T+D)	238.25	241.85	237.80	241.34	1.62	0.68%	240.44	64,778.00	15,575,222,000.00
2015-10-14	Au(T+D)	236.18	239.78	235.87	239.70	3.63	1.54%	238.45	54,110.00	12,902,529,000.00
2015-10-13	Au(T+D)	237.61	238.19	235.03	236.07	-1.17	-0.49%	236.34	44,230.00	10,453,318,000.00
2015-10-12	Au(T+D)	235.80	237.60	234.90	237.25	2.59	1.10%	236.49	57,804.00	13,670,068,000.00
2015-10-09	Au(T+D)	234.15	235.16	232.50	234.65	0.50	0.21%	234.13	37,678.00	8,821,550,000.00
2015-10-08	Au(T+D)	234.20	234.20	233.50	234.13	4.25	1.85%	233.84	20,890.00	4,884,917,500.00
2015-09-30	Au(T+D)	231.40	231.54	229.35	229.88	-0.78	-0.34%	230.20	44,278.00	10,192,795,000.00
2015-09-29	Au(T+D)	232.65	233.00	230.42	230.68	-2.82	-1.21%	231.57	52,130.00	12,071,744,000.00
2015-09-28	Au(T+D)	235.40	235.60	233.21	233.53	-1.73	-0.74%	234.72	22,744.00	5,338,471,500.00
2015-09-25	Au(T+D)	234.20	237.37	233.90	235.28	1.38	0.59%	235.93	77,870.00	18,371,868,000.00
2015-09-24	Au(T+D)	233.10	234.35	232.77	233.90	1.27	0.55%	233.54	41,232.00	9,629,321,000.00
2015-09-23	Au(T+D)	232.54	233.09	231.10	232.65	-0.83	-0.36%	232.01	62,980.00	14,611,989,000.00
2015-09-22	Au(T+D)	232.42	233.50	232.30	233.48	-0.43	-0.18%	233.13	34,422.00	8,024,801,000.00
2015-09-21	Au(T+D)	233.22	233.97	232.35	233.92	2.05	0.88%	233.48	50,142.00	11,707,154,000.00
2015-09-18	Au(T+D)	229.45	233.00	229.45	231.87	1.56	0.68%	231.41	62,370.00	14,433,042,000.00
2015-09-17	Au(T+D)	227.73	231.41	227.73	230.31	2.32	1.02%	230.15	44,016.00	10,130,282,000.00
2015-09-16	Au(T+D)	228.30	228.30	227.31	227.99	0.22	0.10%	227.59	21,142.00	4,811,707,500.00
2015-09-15	Au(T+D)	227.12	228.54	227.02	227.75	0.04	0.02%	227.79	25,276.00	5,757,620,000.00
2015-09-14	Au(T+D)	227.11	228.10	226.19	227.70	-0.31	-0.14%	227.39	35,914.00	8,166,484,500.00
2015-09-11	Au(T+D)	227.91	228.78	227.12	228.01	0.11	0.05%	228.06	35,788.00	8,161,811,000.00
2015-09-10	Au(T+D)	230.24	230.88	227.11	227.90	-3.13	-1.35%	228.42	45,392.00	10,368,441,000.00
2015-09-09	Au(T+D)	230.90	231.85	230.51	231.03	0.56	0.24%	231.17	27,344.00	6,321,112,500.00
2015-09-08	Au(T+D)	230.47	230.87	229.67	230.48	-0.19	-0.08%	230.38	27,286.00	6,286,149,000.00
2015-09-07	Au(T+D)	230.01	231.29	230.00	230.67	-4.03	-1.72%	230.90	24,450.00	5,645,505,000.00
2015-09-02	Au(T+D)	234.52	235.62	233.50	234.71	0.01	0.00%	234.36	41,724.00	9,778,437,000.00
2015-09-01	Au(T+D)	233.28	234.99	231.70	234.70	1.36	0.58%	233.71	38,318.00	8,955,300,000.00
2015-08-31	Au(T+D)	232.20	235.20	231.97	233.40	0.24	0.10%	233.68	49,790.00	11,634,927,000.00
2015-08-28	Au(T+D)	232.85	233.90	231.31	233.19	0.40	0.17%	232.89	47,660.00	11,099,537,000.00
2015-08-27	Au(T+D)	233.00	233.97	231.03	232.89	-2.42	-1.03%	232.64	46,648.00	10,852,191,000.00
2015-08-26	Au(T+D)	237.13	238.14	233.97	235.30	-1.74	-0.73%	235.24	78,470.00	18,459,284,000.00
2015-08-25	Au(T+D)	238.99	241.60	236.45	237.05	-1.55	-0.65%	238.79	83,662.00	19,977,648,000.00
2015-08-24	Au(T+D)	238.00	240.10	236.90	238.60	0.68	0.29%	238.58	72,410.00	17,275,578,000.00
2015-08-21	Au(T+D)	234.56	240.79	234.51	237.95	3.49	1.49%	238.29	93,534.00	22,288,216,000.00
2015-08-20	Au(T+D)	231.30	235.40	230.82	234.46	2.99	1.29%	233.71	61,188.00	14,300,248,000.00
2015-08-19	Au(T+D)	230.30	231.55	228.65	231.45	0.67	0.29%	230.34	48,748.00	11,228,614,000.00
2015-08-18	Au(T+D)	230.00	231.08	229.91	230.78	0.44	0.19%	230.64	32,220.00	7,431,221,000.00
2015-08-17	Au(T+D)	230.60	231.20	228.30	230.36	0.06	0.03%	230.06	46,442.00	10,684,446,000.00
2015-08-14	Au(T+D)	230.55	231.25	228.90	230.30	-1.00	-0.43%	229.99	60,684.00	13,956,713,000.00
2015-08-13	Au(T+D)	231.81	233.48	230.65	231.25	-0.57	-0.25%	232.04	106,782.00	24,777,694,000.00
2015-08-12	Au(T+D)	225.50	232.88	225.50	231.80	7.18	3.20%	229.63	143,150.00	32,871,536,000.00
2015-08-11	Au(T+D)	219.38	224.65	219.21	224.61	4.94	2.25%	222.35	149,714.00	33,288,908,000.00
2015-08-10	Au(T+D)	218.55	219.89	216.86	219.67	0.72	0.33%	218.81	89,126.00	19,501,660,000.00
2015-08-07	Au(T+D)	217.45	219.36	217.06	218.95	1.68	0.77%	218.09	44,020.00	9,600,322,000.00
2015-08-06	Au(T+D)	217.55	218.48	216.70	217.30	-0.12	-0.06%	217.44	50,276.00	10,932,014,000.00
2015-08-05	Au(T+D)	218.03	218.60	217.00	217.42	-0.20	-0.09%	217.65	47,910.00	10,427,611,000.00
2015-08-04	Au(T+D)	218.35	218.83	216.15	217.62	-1.48	-0.68%	217.50	49,520.00	10,770,600,000.00
2015-08-03	Au(T+D)	216.49	220.40	216.49	219.10	2.49	1.15%	218.80	61,364.00	13,426,443,000.00
2015-07-31	Au(T+D)	217.13	218.96	216.40	216.64	-0.57	-0.26%	217.31	36,646.00	7,963,542,000.00
2015-07-30	Au(T+D)	219.45	220.50	216.51	217.22	-2.26	-1.03%	218.42	43,082.00	9,409,970,000.00
2015-07-29	Au(T+D)	219.29	219.94	218.78	219.50	0.21	0.10%	219.52	20,740.00	4,552,845,000.00
2015-07-28	Au(T+D)	219.00	220.72	218.11	219.29	-1.76	-0.80%	219.19	29,856.00	6,544,136,500.00
2015-07-27	Au(T+D)	216.00	221.15	215.60	221.05	4.16	1.92%	219.10	49,332.00	10,808,642,000.00
2015-07-24	Au(T+D)	220.10	220.28	215.59	216.89	-2.56	-1.17%	217.34	51,654.00	11,226,480,000.00
2015-07-23	Au(T+D)	217.81	219.99	217.38	219.46	0.86	0.39%	219.03	39,408.00	8,631,534,000.00
2015-07-22	Au(T+D)	221.58	221.85	218.05	218.60	-2.69	-1.22%	219.60	46,078.00	10,118,729,000.00
2015-07-21	Au(T+D)	221.51	222.90	220.30	221.30	-1.88	-0.84%	221.26	38,826.00	8,590,641,000.00
2015-07-20	Au(T+D)	228.90	229.04	218.00	223.30	-5.68	-2.48%	223.19	80,766.00	18,026,164,000.00
2015-07-17	Au(T+D)	228.80	229.49	228.50	228.90	-0.46	-0.20%	228.90	21,690.00	4,964,841,000.00
2015-07-16	Au(T+D)	230.68	230.99	229.00	229.36	-1.58	-0.68%	229.45	36,408.00	8,353,815,500.00
2015-07-15	Au(T+D)	231.05	231.80	230.70	230.94	0.17	0.07%	231.04	17,390.00	4,017,785,500.00
2015-07-14	Au(T+D)	231.35	231.65	230.17	230.80	-0.39	-0.17%	230.89	24,258.00	5,600,929,500.00
2015-07-13	Au(T+D)	232.37	232.70	231.00	231.18	-1.19	-0.51%	232.03	28,806.00	6,683,856,000.00
2015-07-10	Au(T+D)	231.86	233.38	231.32	232.40	-0.08	-0.03%	232.32	26,810.00	6,228,499,500.00
2015-07-09	Au(T+D)	230.70	233.03	229.60	232.49	3.29	1.44%	231.76	55,728.00	12,915,521,000.00
2015-07-08	Au(T+D)	233.18	233.36	228.60	229.21	-4.37	-1.87%	230.17	103,760.00	23,882,440,000.00
2015-07-07	Au(T+D)	233.28	234.36	232.36	233.60	0.32	0.14%	233.22	29,050.00	6,775,041,000.00
2015-07-06	Au(T+D)	233.50	233.89	232.91	233.35	-0.03	-0.01%	233.32	20,906.00	4,877,788,000.00
2015-07-03	Au(T+D)	231.55	233.50	231.00	233.42	0.82	0.35%	232.64	46,000.00	10,701,440,000.00
2015-07-02	Au(T+D)	233.95	234.17	232.21	232.60	-1.33	-0.57%	233.09	38,260.00	8,918,023,000.00
2015-07-01	Au(T+D)	233.90	235.25	233.15	233.92	-0.80	-0.34%	234.09	30,944.00	7,243,681,000.00
2015-06-30	Au(T+D)	235.68	236.40	234.38	234.75	-0.79	-0.34%	235.14	32,188.00	7,568,686,500.00
2015-06-29	Au(T+D)	234.74	236.88	233.62	235.68	1.14	0.49%	235.68	35,862.00	8,451,956,000.00
2015-06-26	Au(T+D)	234.50	234.77	233.80	234.55	-0.47	-0.20%	234.43	28,172.00	6,604,362,000.00
2015-06-25	Au(T+D)	235.17	235.30	233.81	235.05	0.34	0.14%	234.80	23,342.00	5,480,701,500.00
2015-06-24	Au(T+D)	236.30	236.60	234.61	234.72	-2.13	-0.90%	235.36	41,536.00	9,775,913,000.00
2015-06-23	Au(T+D)	236.90	237.29	236.40	236.81	-2.08	-0.87%	236.92	27,708.00	6,564,579,500.00
2015-06-19	Au(T+D)	238.92	240.00	238.40	238.90	1.72	0.73%	239.22	62,004.00	14,832,597,000.00
2015-06-18	Au(T+D)	235.35	237.30	234.80	237.19	1.61	0.68%	236.60	39,688.00	9,390,181,000.00
2015-06-17	Au(T+D)	236.30	236.66	235.25	235.55	-1.16	-0.49%	235.71	41,940.00	9,885,678,000.00
2015-06-16	Au(T+D)	235.96	237.60	235.54	236.71	0.44	0.19%	236.78	34,824.00	8,245,626,500.00
2015-06-15	Au(T+D)	236.10	236.65	235.30	236.35	0.01	0.00%	236.04	23,108.00	5,454,412,000.00
2015-06-12	Au(T+D)	235.50	236.88	235.00	236.35	-0.04	-0.02%	236.07	28,790.00	6,796,455,500.00
2015-06-11	Au(T+D)	236.80	238.14	236.33	236.40	-0.23	-0.10%	237.30	27,682.00	6,568,938,500.00
2015-06-10	Au(T+D)	235.90	236.90	234.90	236.70	1.73	0.74%	235.71	35,616.00	8,395,048,000.00
2015-06-09	Au(T+D)	234.30	235.31	233.94	235.10	0.60	0.26%	234.83	24,218.00	5,687,113,000.00
2015-06-08	Au(T+D)	234.45	235.39	232.68	234.50	-0.40	-0.17%	234.16	42,034.00	9,842,682,000.00
2015-06-05	Au(T+D)	236.00	236.30	234.50	234.90	-1.00	-0.42%	235.15	32,028.00	7,531,384,000.00
2015-06-04	Au(T+D)	237.22	237.70	235.38	235.95	-1.24	-0.52%	236.31	24,428.00	5,772,580,500.00
2015-06-03	Au(T+D)	237.79	238.28	237.00	237.20	-0.01	-0.00%	237.64	32,564.00	7,738,509,000.00
2015-06-02	Au(T+D)	236.79	239.98	236.51	237.20	0.55	0.23%	237.91	30,236.00	7,193,447,000.00
2015-06-01	Au(T+D)	237.01	238.49	236.52	236.65	-0.85	-0.36%	237.37	19,212.00	4,560,352,500.00
2015-05-29	Au(T+D)	236.73	237.55	236.01	237.50	0.31	0.13%	237.02	25,612.00	6,070,556,500.00
2015-05-28	Au(T+D)	236.80	237.55	236.80	237.15	-0.31	-0.13%	237.21	25,632.00	6,080,167,000.00
2015-05-27	Au(T+D)	238.81	238.97	237.10	237.46	-1.57	-0.66%	237.65	36,856.00	8,758,828,000.00
2015-05-26	Au(T+D)	240.11	241.38	238.70	239.00	-1.50	-0.62%	240.02	20,290.00	4,870,006,000.00
2015-05-25	Au(T+D)	241.61	242.14	240.00	240.59	-1.00	-0.41%	240.55	24,374.00	5,863,166,000.00
2015-05-22	Au(T+D)	241.30	241.80	240.00	241.60	-0.04	-0.02%	240.80	29,314.00	7,058,811,500.00
2015-05-21	Au(T+D)	241.40	242.41	241.26	241.62	0.62	0.26%	241.77	25,412.00	6,143,859,500.00
2015-05-20	Au(T+D)	243.50	243.90	240.30	240.97	-2.14	-0.88%	241.57	42,802.00	10,339,679,000.00
2015-05-19	Au(T+D)	244.40	245.45	243.01	243.15	-1.99	-0.81%	244.13	33,694.00	8,225,716,500.00
2015-05-18	Au(T+D)	242.76	245.79	242.20	245.15	1.68	0.69%	244.21	49,858.00	12,175,823,000.00
2015-05-15	Au(T+D)	242.95	244.19	242.08	243.42	0.89	0.37%	243.16	43,194.00	10,503,053,000.00

